link,title
http://sfbay.craigslist.org/eby/npo/3391354268.html,On Call Shelter Monitor
http://sfbay.craigslist.org/eby/npo/3391301685.html,"*** Be The Change -- Work for Greenpeace FT, $12-13/HR *** "
http://sfbay.craigslist.org/scz/npo/3391299100.html,"*** Be The Change -- Work for Greenpeace FT, $12-13/HR *** "
http://sfbay.craigslist.org/nby/npo/3391233664.html,North Bay Veterans Resource Center Transitional Housing Coordinator
http://sfbay.craigslist.org/pen/npo/3391193464.html,MENTAL HEALTH PROFESSIONAL 
http://sfbay.craigslist.org/eby/npo/3391133147.html,Part Time Facilities/Janitorial Position
http://sfbay.craigslist.org/sfc/npo/3391128061.html,Intensive Case Manager
http://sfbay.craigslist.org/eby/npo/3391038770.html,Speech Language Pathologist (SLP) (Early Intervention)
http://sfbay.craigslist.org/sfc/npo/3391012729.html,Program Director - Community Assessment and Services Center
http://sfbay.craigslist.org/scz/npo/3390999805.html,6 Positions to defend the environment need immediate filling!
http://sfbay.craigslist.org/eby/npo/3390993721.html,6 Positions to protect CA forests need immediate filling!!!
http://sfbay.craigslist.org/sfc/npo/3390987330.html,6 Positions to defend reproductive rights need immediate filling!
http://sfbay.craigslist.org/sby/npo/3390945406.html,Shelter Case Manager
http://sfbay.craigslist.org/scz/npo/3390945283.html,Direct Care Providers Recruitment Fair 11/7
http://sfbay.craigslist.org/eby/npo/3390944641.html,Development Director
http://sfbay.craigslist.org/scz/npo/3390941537.html,Direct Care Providers Needed
http://sfbay.craigslist.org/eby/npo/3390938646.html,Production Intern
http://sfbay.craigslist.org/eby/npo/3390891858.html,Maintenance Technician
http://sfbay.craigslist.org/pen/npo/3390885604.html,Music Director - Episcopal Church
http://sfbay.craigslist.org/sfc/npo/3390856261.html,Human Resources Manager 
http://sfbay.craigslist.org/nby/npo/3390813984.html,"Independent Housing Coordinator / Compliance Officer, North Bay"
http://sfbay.craigslist.org/sfc/npo/3390801390.html,Operations & HR Associate
http://sfbay.craigslist.org/sby/npo/3390792551.html,Playworks: Development Manager
http://sfbay.craigslist.org/sfc/npo/3390364404.html,Activist Network Internship with GREENPEACE - Spring 2013
http://sfbay.craigslist.org/sfc/npo/3390361881.html,Internship with GREENPEACE - Spring 2013
http://sfbay.craigslist.org/eby/npo/3389672254.html,Job Training/Internships-Youth ages 16-21
http://sfbay.craigslist.org/eby/npo/3389614127.html,Chief Executive Officer 
http://sfbay.craigslist.org/nby/npo/3389551345.html,Program Director - Employment Services
http://sfbay.craigslist.org/nby/npo/3389525464.html,TBS (Therapeutic Behavioral Services) Clinician
http://sfbay.craigslist.org/sfc/npo/3389523801.html,Bilingual TBS Clinician - Spanish/English skills required
http://sfbay.craigslist.org/eby/npo/3389522235.html,Social Worker - Intensive Treatment Foster Care
http://sfbay.craigslist.org/eby/npo/3389521317.html,Bilingual Classroom Therapist
http://sfbay.craigslist.org/sfc/npo/3389520458.html,Family Support Counselor 
http://sfbay.craigslist.org/eby/npo/3389517820.html,Bilingual Program Assistant - Spanish / English BA/BS Degree Required
http://sfbay.craigslist.org/sby/npo/3389483451.html,Mental Health Consultant - Clincial Supervisor
http://sfbay.craigslist.org/pen/npo/3389437774.html,BEHAVIOR ANALYST 
http://sfbay.craigslist.org/sfc/npo/3389422409.html,Job Developer
http://sfbay.craigslist.org/sfc/npo/3389416715.html,Over a million acres of CA forest are planned for clear cutting!!
http://sfbay.craigslist.org/nby/npo/3389389134.html,"LICENSED THERAPIST, Clinician/Social Worker"
http://sfbay.craigslist.org/nby/npo/3389386583.html,COUNSELING - Residential Counselor
http://sfbay.craigslist.org/sfc/npo/3389378088.html,Program Assistant
http://sfbay.craigslist.org/nby/npo/3389296773.html,SHELTER MANAGER Part-time
http://sfbay.craigslist.org/pen/npo/3389271921.html,BILINGUAL SOCIAL WORKER-ONGOING
http://sfbay.craigslist.org/eby/npo/3389213107.html,Lead Clinical Case Manager
http://sfbay.craigslist.org/sfc/npo/3389210242.html,Seeking Accounting Assistant 
http://sfbay.craigslist.org/sby/npo/3389204799.html,Clinical Program Coordinator First 5
http://sfbay.craigslist.org/eby/npo/3389188337.html,On-site Desk Clerk 
http://sfbay.craigslist.org/sby/npo/3389186882.html,Traditional Adult/Older Adult Therapist
http://sfbay.craigslist.org/sby/npo/3389163692.html,First 5 Case Manager
http://sfbay.craigslist.org/sfc/npo/3389162473.html,State Bar of California - Attorney
http://sfbay.craigslist.org/sfc/npo/3389151986.html,State Bar of California - Attorney
http://sfbay.craigslist.org/sfc/npo/3389139407.html,Director of Placements
http://sfbay.craigslist.org/sfc/npo/3389104381.html,Creative Reuse art nonprofit looking for front desk & warehouse staff
http://sfbay.craigslist.org/nby/npo/3389073434.html,LIFE SKILLS COACH Bilingual Spanish-English 
http://sfbay.craigslist.org/sfc/npo/3389057953.html,Take Action! FUNDRAISE! $11-$17/hr
http://sfbay.craigslist.org/eby/npo/3389022509.html,Child and Family Therapist (Bi-lingual -  Spanish)
http://sfbay.craigslist.org/pen/npo/3389014674.html,Counselor
http://sfbay.craigslist.org/sby/npo/3389006779.html,Bell Ringer - Santa Clara
http://sfbay.craigslist.org/eby/npo/3388978152.html,ORGANIZE FOR PEACE & GET PAID!
http://sfbay.craigslist.org/pen/npo/3388974967.html,Grants Administrator (Foundation)
http://sfbay.craigslist.org/sfc/npo/3388967129.html,Development Intern
http://sfbay.craigslist.org/eby/npo/3388947776.html,Associate Director of Admissions
http://sfbay.craigslist.org/sby/npo/3388908896.html,Human Resources Manager
http://sfbay.craigslist.org/sfc/npo/3388840031.html,Chief of Programs
http://sfbay.craigslist.org/eby/npo/3388803144.html,Case Manager - El Cerrito
http://sfbay.craigslist.org/sby/npo/3388777537.html,Case Manager - San Jose
http://sfbay.craigslist.org/eby/npo/3388742615.html,BTSA Coach -- Part-time
http://sfbay.craigslist.org/nby/npo/3388736325.html,Housing Counselor - Rapid Rehousing Specialist
http://sfbay.craigslist.org/pen/npo/3388707460.html,Production Supervisor
http://sfbay.craigslist.org/sfc/npo/3388706641.html,Programs Associate at The Long Now Foundation
http://sfbay.craigslist.org/sfc/npo/3388697772.html,Senior Planner
http://sfbay.craigslist.org/sfc/npo/3388683830.html,Development Coordinator - Street Youth Program
http://sfbay.craigslist.org/eby/npo/3388676307.html,Program Coordinator  
http://sfbay.craigslist.org/pen/npo/3388673455.html,Relief Counselor 
http://sfbay.craigslist.org/eby/npo/3388664966.html,Detox Assistant Level 3
http://sfbay.craigslist.org/eby/npo/3388661311.html,Detox Assistant Level 2
http://sfbay.craigslist.org/sfc/npo/3388589833.html,Director of Information Technology
http://sfbay.craigslist.org/nby/npo/3388583438.html,	*FT Work for Greenpeace to STOP GLOBAL WARMING - $12-$13/hr* 
http://sfbay.craigslist.org/pen/npo/3388575421.html,	*FT Work for Greenpeace to STOP GLOBAL WARMING - $12-$13/hr* 
http://sfbay.craigslist.org/eby/npo/3388563471.html,"Therapist -- Outpatient Clinic, Children's Program"
http://sfbay.craigslist.org/sfc/npo/3388464002.html,Make a difference! Become an activist!
http://sfbay.craigslist.org/pen/npo/3388457358.html,Development Manager
http://sfbay.craigslist.org/scz/npo/3388454391.html,7 Positions to defend the environment need immediate filling!!!
http://sfbay.craigslist.org/sfc/npo/3388454302.html,7 Positions to protect CA forrests need immediate filling!!!
http://sfbay.craigslist.org/sfc/npo/3388447369.html,7 Positions to defend reproductive rights need immediate filling!
http://sfbay.craigslist.org/sfc/npo/3388441733.html,P/T Bilingual (Cantonese) Residential Counselor
http://sfbay.craigslist.org/sfc/npo/3388440169.html,Bilingual (English/Spanish) Housing Access Project Case Manager
http://sfbay.craigslist.org/eby/npo/3388429151.html,Resource Services Specialist II
http://sfbay.craigslist.org/sfc/npo/3388407795.html,Fashion/Retail Internship
http://sfbay.craigslist.org/sfc/npo/3388382254.html,Certified AOD Counselor
http://sfbay.craigslist.org/eby/npo/3388375987.html,Outpatient Clinical Psychotherapist
http://sfbay.craigslist.org/eby/npo/3388373634.html,Internship Program Clinical Supervisor
http://sfbay.craigslist.org/eby/npo/3388369575.html,Transition-Age Youth Services Clinician
http://sfbay.craigslist.org/sfc/npo/3388364811.html,Consultant - Early Childhood Special Education
http://sfbay.craigslist.org/sfc/npo/3388360201.html,Consultant - Occupational Therapist
http://sfbay.craigslist.org/sfc/npo/3388356860.html,Representative Payee (Temporary)
http://sfbay.craigslist.org/sfc/npo/3388346644.html,Consultant - Speech Therapist
http://sfbay.craigslist.org/sfc/npo/3388327251.html,Girls' Sports and Open Recreation Lead (part-time)
http://sfbay.craigslist.org/sfc/npo/3388300207.html,Project Manager Non Profit Fundraising
http://sfbay.craigslist.org/sby/npo/3388298819.html,Mental Health Consultant
,
http://sfbay.craigslist.org/sfc/npo/3388292962.html,Residential Counselor - Mental Health Rehabilitation Specialist
http://sfbay.craigslist.org/sfc/npo/3388288705.html,Relief Residential Counselor (On-Call)
http://sfbay.craigslist.org/eby/npo/3388272969.html,Mental Health Clinician
http://sfbay.craigslist.org/eby/npo/3388236266.html,Bilingual Phone Line Resource Specialist
http://sfbay.craigslist.org/sfc/npo/3388057210.html,Part-Time PHONE WORK/ENVIRONMENTAL GRASSROOTS OUTREACH & FUNDRAISING
http://sfbay.craigslist.org/pen/npo/3387123843.html,"Regional Executive Director - Silicon Valley, CA Region"
http://sfbay.craigslist.org/pen/npo/3386813086.html,Accounting Manager
http://sfbay.craigslist.org/nby/npo/3386648154.html,Birth Control Study to test Gel - Earn up to $700!
http://sfbay.craigslist.org/nby/npo/3386132500.html,Direct Support Professional-Bring your huge heart and great work ethic
http://sfbay.craigslist.org/nby/npo/3386094345.html,Live-In Manager for Group Homes
http://sfbay.craigslist.org/nby/npo/3384965968.html,Aide/Companion
http://sfbay.craigslist.org/eby/npo/3384091056.html,Political Database Manager -- Position Available
http://sfbay.craigslist.org/sfc/npo/3384367041.html,Feminism is the radical notion that women are people.
http://sfbay.craigslist.org/eby/npo/3384359319.html,9 of 10 LGBT youth were bullied last year.  Stop the hate!
http://sfbay.craigslist.org/scz/npo/3384343887.html,Speak for the trees!
http://sfbay.craigslist.org/sfc/npo/3384160532.html,The Election is almost over but the Work isn't Done!  
http://sfbay.craigslist.org/nby/npo/3383690501.html,Program Coordinator for Adult Residential Facility
http://sfbay.craigslist.org/eby/npo/3383044389.html,DOG FOSTER PROGRAM COORDINATOR
http://sfbay.craigslist.org/sby/npo/3382938072.html,Bilingual Family Partner - Spanish Skills Required
http://sfbay.craigslist.org/pen/npo/3382931577.html,Bilingual Case Manager 
http://sfbay.craigslist.org/pen/npo/3382922476.html,Children's Service Coordinator (Bi-Lingual)
http://sfbay.craigslist.org/eby/npo/3382891250.html,Mental Health Counselor for SED Youth - Fulltime
http://sfbay.craigslist.org/nby/npo/3382875929.html,Supported Living Counseleor
http://sfbay.craigslist.org/eby/npo/3382874296.html,Personal Service Coordinator
http://sfbay.craigslist.org/nby/npo/3382868015.html,Museum Curator of Education
http://sfbay.craigslist.org/sfc/npo/3382862479.html,Boys & Girls Clubs of San Francisco - Facilities Engineer
http://sfbay.craigslist.org/eby/npo/3382854482.html,Program Supervisor working with Developmentally Disabled Adults
http://sfbay.craigslist.org/eby/npo/3382761152.html,Strategic Communications Manager
http://sfbay.craigslist.org/eby/npo/3382750980.html,Communications Specialist 
http://sfbay.craigslist.org/pen/npo/3382790446.html,Clinician II - Outpatient
http://sfbay.craigslist.org/eby/npo/3382788256.html,Finance and Accounting Manager
http://sfbay.craigslist.org/eby/npo/3382784457.html, STAFF RECRUITER - LABOR UNION  EXPERIENCE
http://sfbay.craigslist.org/eby/npo/3382781521.html,Membership Manager  SQL
http://sfbay.craigslist.org/eby/npo/3382777413.html,Systems Analyst SQL
http://sfbay.craigslist.org/sfc/npo/3382776512.html,Teacher Institute Program Manager at the Exploratorium
http://sfbay.craigslist.org/sfc/npo/3382765097.html,Project Coordinator at the Exploratorium
http://sfbay.craigslist.org/sfc/npo/3382761339.html,Opportunities at Larkin Street Youth Services
http://sfbay.craigslist.org/sby/npo/3382757831.html,Food Service Coordinator-Residential Facility
http://sfbay.craigslist.org/sby/npo/3382744351.html,Bilingual Family Partner - Spanish Skills Required
http://sfbay.craigslist.org/eby/npo/3382742356.html,Wraparound Clinician - Community Based
http://sfbay.craigslist.org/eby/npo/3382731321.html,Bilingual Classroom Therapist
http://sfbay.craigslist.org/nby/npo/3382730911.html,Museum Visitor Services & Volunteer Coordinator
http://sfbay.craigslist.org/sfc/npo/3382730374.html,Mobile Counselor
http://sfbay.craigslist.org/sfc/npo/3382728859.html,Case Assistant - Strong Administrative Skills Needed
http://sfbay.craigslist.org/nby/npo/3382721166.html,Boys & Girls Clubs of Napa Valley: Program Director (full-time)
http://sfbay.craigslist.org/sfc/npo/3382717032.html,Communications Manager for the Coral Reef Alliance
http://sfbay.craigslist.org/nby/npo/3382710419.html,Substance Use Specialist - Transitional Age Youth Program 
http://sfbay.craigslist.org/eby/npo/3382705464.html,Team Leader - Project Permanence Program
http://sfbay.craigslist.org/eby/npo/3382703086.html,Community Liaison - Project Permanence Program
http://sfbay.craigslist.org/eby/npo/3382698948.html,Family Specialist - Project Permanence Program
http://sfbay.craigslist.org/eby/npo/3382696156.html,Clinician - HOPE Contra Costa
http://sfbay.craigslist.org/eby/npo/3382694436.html,Bilingual Clinician - HOPE Alameda
http://sfbay.craigslist.org/eby/npo/3382689644.html,Clinician - Therapeutic Behavior Services
http://sfbay.craigslist.org/nby/npo/3382685228.html, Community Case Managers
http://sfbay.craigslist.org/eby/npo/3382684015.html,Counselor/Case Manager
http://sfbay.craigslist.org/sfc/npo/3382661596.html,Holding weekend interviews to protect reproductive rights!
http://sfbay.craigslist.org/nby/npo/3382637538.html,Executive Director
http://sfbay.craigslist.org/nby/npo/3382628010.html,INTAKE COUNSELOR
http://sfbay.craigslist.org/pen/npo/3382610555.html, One on One Staff - Caregiver
http://sfbay.craigslist.org/eby/npo/3382609431.html,Health Benefits Eligibility Specialist
http://sfbay.craigslist.org/sby/npo/3382553839.html,Continuous Quality Improvement Specialist
http://sfbay.craigslist.org/eby/npo/3382546436.html,Administrative Assistant/Office Manager
http://sfbay.craigslist.org/eby/npo/3382529721.html,OFFICE ASSISTANT - Housing Authority of the County of Contra Costa
http://sfbay.craigslist.org/nby/npo/3382500249.html,Foster Care Clinical Program Manager
http://sfbay.craigslist.org/nby/npo/3382494979.html,Part-time Preservationist
http://sfbay.craigslist.org/sfc/npo/3382479611.html,Healthcare Union Organizer Representative
http://sfbay.craigslist.org/nby/npo/3382465421.html,DIRECTOR - STUDENT SERVICES  - SFTS
http://sfbay.craigslist.org/eby/npo/3382451664.html,Bilingual Family Resource Center Specialist
http://sfbay.craigslist.org/eby/npo/3382439165.html,Care Coordinator
http://sfbay.craigslist.org/pen/npo/3382425476.html,Counselors Wanted
http://sfbay.craigslist.org/eby/npo/3382398683.html,Oakland Leaf Foundation After-School Program Instructor
http://sfbay.craigslist.org/pen/npo/3382382005.html,Supervisor
http://sfbay.craigslist.org/nby/npo/3382332424.html,SITE MANAGER-Catholic Charities
http://sfbay.craigslist.org/nby/npo/3382262925.html,Program Coordinator
http://sfbay.craigslist.org/eby/npo/3382183824.html,Be the Change You Want to See~FUNDRAISE~ $11-$17/hr
http://sfbay.craigslist.org/sfc/npo/3382175986.html,MAKE A REAL DIFFERENCE! FUNDRAISE! $11-$17/hr
http://sfbay.craigslist.org/pen/npo/3382169371.html,Development Director 
http://sfbay.craigslist.org/sfc/npo/3382138959.html,Children's Case Manager - Bilingual: Spanish/English
http://sfbay.craigslist.org/eby/npo/3382126145.html,Clinical Social Worker - Emergency Placement Foster Care & Adoptions
http://sfbay.craigslist.org/sby/npo/3382096039.html,Maintenance Specialist
http://sfbay.craigslist.org/sfc/npo/3381942515.html,Chief of Staff - The Stuart Foundation
http://sfbay.craigslist.org/eby/npo/3381937563.html,Teen Success Coordinator
http://sfbay.craigslist.org/pen/npo/3381934000.html,EHS (Early Head Start) Infant/Toddler Associate Teacher
http://sfbay.craigslist.org/eby/npo/3381931013.html,Hiring Office Manager Pleasanton
http://sfbay.craigslist.org/eby/npo/3381927689.html,Mental Health Counselor (On-call/Relief)
http://sfbay.craigslist.org/eby/npo/3381910823.html,*Make a difference Full-time for Greenpeace* - 
http://sfbay.craigslist.org/sby/npo/3381904560.html,	*Make a difference Full-time for Greenpeace* - 
http://sfbay.craigslist.org/pen/npo/3381867519.html,Immigration Attorney/ Program Coordinator
http://sfbay.craigslist.org/eby/npo/3381849602.html,Immigration Attorney DACA- temporary
http://sfbay.craigslist.org/sfc/npo/3381826326.html,Case Manager Supervisor
http://sfbay.craigslist.org/scz/npo/3381744152.html,Over a million acres of CA forest are planned for clear cutting!
http://sfbay.craigslist.org/sfc/npo/3381739601.html,Over a million acres of CA forest are planned for clear cutting!  Help
http://sfbay.craigslist.org/sby/npo/3381730576.html,Case Manager (Families)
http://sfbay.craigslist.org/sfc/npo/3381730497.html,Protect access to birth control! 
http://sfbay.craigslist.org/eby/npo/3381708023.html,After School Instructor-Alameda and Oakland Schools
http://sfbay.craigslist.org/nby/npo/3381677349.html,Seniors at Home Social Work Care Manager
http://sfbay.craigslist.org/sfc/npo/3381633626.html,Director of Finance
http://sfbay.craigslist.org/sby/npo/3381615648.html,Growing Private Practice Seeks Behavior Coach
http://sfbay.craigslist.org/sfc/npo/3381594789.html,Office Admin/ Phone Order 
http://sfbay.craigslist.org/sfc/npo/3381593901.html,Counselor II
,
http://sfbay.craigslist.org/sfc/npo/3381589163.html,A/V and Lighting Technicians Wanted
http://sfbay.craigslist.org/sfc/npo/3381584543.html,Director of Support Services
http://sfbay.craigslist.org/sfc/npo/3381555442.html,Case Manager - Full-Time Regular & Temporary
http://sfbay.craigslist.org/sby/npo/3381472848.html,Program Manager/ Clinical Supervisor Adult and Older Adult Program (A/
http://sfbay.craigslist.org/sby/npo/3380989872.html,URBAN AGRICULTURE SPECIALIST-LEAD FARM COORDINATOR
http://sfbay.craigslist.org/eby/npo/3380845020.html,History Dept Co-Director
http://sfbay.craigslist.org/eby/npo/3380776148.html,Events Director
http://sfbay.craigslist.org/sfc/npo/3380715266.html,Paid Literature Drop
http://sfbay.craigslist.org/eby/npo/3380517635.html,Immigration Program Director
http://sfbay.craigslist.org/sfc/npo/3380511038.html,Finance Director
http://sfbay.craigslist.org/eby/npo/3380489443.html,Research/Data Analyst
http://sfbay.craigslist.org/eby/npo/3380481936.html,Store Sales Representative
http://sfbay.craigslist.org/sfc/npo/3380478908.html,Child and Adolescent Psychiatrist
http://sfbay.craigslist.org/eby/npo/3380477729.html,Clinical Supervisor
http://sfbay.craigslist.org/eby/npo/3380473980.html,Social Worker - Intensive Treatment Foster Care
http://sfbay.craigslist.org/nby/npo/3380472066.html,Family Support Counselor BA/BS Required!
http://sfbay.craigslist.org/nby/npo/3380470252.html,Family Support Counselor
http://sfbay.craigslist.org/eby/npo/3380466260.html,Bilingual Program Assistant - Spanish / English BA/BS Degree Required
http://sfbay.craigslist.org/sfc/npo/3380387191.html,BILLING SPECIALIST
http://sfbay.craigslist.org/eby/npo/3380375409.html,BILLING SPECIALIST
http://sfbay.craigslist.org/scz/npo/3380368842.html,Direct Care Providers Needed
http://sfbay.craigslist.org/scz/npo/3380359778.html,Direct Care Providers Recruitment Fair 11/7
http://sfbay.craigslist.org/sfc/npo/3375039869.html,Technical and Data Specialists Needed -- Pro Bono Salesforce Projects
http://sfbay.craigslist.org/sfc/npo/3375035451.html,Strategy Consultants -- Use Your Skills Pro Bono to Help Nonprofits
http://sfbay.craigslist.org/sfc/npo/3375024537.html,HR Consultants Needed -- Use your Skills Pro Bono to Effect Change
http://sfbay.craigslist.org/sfc/npo/3375020923.html,Brand Strategists -- Lend Your Expertise Pro Bono to a Great Nonprofit 
http://sfbay.craigslist.org/sfc/npo/3375017838.html,Your Words Can Make a Difference. Pro Bono Copywriting Projects.
http://sfbay.craigslist.org/sfc/npo/3375014674.html,Graphic Designers -- Pro Bono Print & Brand Work Can Make a Difference
http://sfbay.craigslist.org/sfc/npo/3374999098.html,Can You Build A Dynamic Website? Lend Your Skills Pro Bono 
http://sfbay.craigslist.org/pen/npo/3380316807.html,Independent Living Advocate
http://sfbay.craigslist.org/pen/npo/3380298782.html,Vocational and Educational Specialist
http://sfbay.craigslist.org/sfc/npo/3380296414.html,Development Coordinator Sought by Cutting Edge SF Non-Profit
http://sfbay.craigslist.org/pen/npo/3380287946.html,Systems Change Coordinator
http://sfbay.craigslist.org/sfc/npo/3380277235.html,Behavioral Health Specialists (4 positions)
http://sfbay.craigslist.org/sfc/npo/3380261329.html,Pro-choice?
http://sfbay.craigslist.org/scz/npo/3380231194.html,Skills Trainer for Developmentally Disabled Adults
http://sfbay.craigslist.org/eby/npo/3380230936.html,Research Assistant
http://sfbay.craigslist.org/sby/npo/3380226251.html,Case Manager
http://sfbay.craigslist.org/eby/npo/3380217351.html,Support people with disabilities in the community (Concord)
http://sfbay.craigslist.org/pen/npo/3380208118.html,Case Manager
http://sfbay.craigslist.org/pen/npo/3380197094.html,"Grants, Development, Strategy, and Evaluation -- Manager Position"
http://sfbay.craigslist.org/eby/npo/3380186925.html,Director of Plant Maintenance
http://sfbay.craigslist.org/nby/npo/3380182600.html,Registered Veterinary Technician
http://sfbay.craigslist.org/sfc/npo/3380173255.html,Residential Monitor/Counselor PT
http://sfbay.craigslist.org/eby/npo/3379996597.html,Online Campaigner
http://sfbay.craigslist.org/eby/npo/3379959579.html,BYA Seeks Health Program Coordinator
http://sfbay.craigslist.org/sfc/npo/3379924500.html,COMMUNITY ENGAGEMENT MANAGER- Habitat for Humanity
http://sfbay.craigslist.org/sfc/npo/3379903458.html,Licensed Clinical Social Worker
http://sfbay.craigslist.org/eby/npo/3379876261.html,In-Home Advocate working with foster youth
http://sfbay.craigslist.org/sfc/npo/3379874675.html,Internships at a Non-Profit Feminist Press
http://sfbay.craigslist.org/nby/npo/3379824346.html,Executive Director- Fair Housing of Marin
http://sfbay.craigslist.org/nby/npo/3379838048.html,Paid Internship - MFTI/ASW
http://sfbay.craigslist.org/eby/npo/3379830649.html,Support Disabled Adults - Nights and Weekends Available
http://sfbay.craigslist.org/eby/npo/3379825451.html,Support Disabled Adults - Nights and Weekends Available
http://sfbay.craigslist.org/eby/npo/3379811475.html,Community Day Support - Direct Support Professional Job Opening
http://sfbay.craigslist.org/nby/npo/3379799954.html,Direct Care Staff - several open shifts
http://sfbay.craigslist.org/eby/npo/3379796404.html,Chief Operating Officer - Director of Opportunities
http://sfbay.craigslist.org/eby/npo/3379786076.html,Garden Intructor
http://sfbay.craigslist.org/eby/npo/3379755152.html,Client Empowerment Specialist
http://sfbay.craigslist.org/sfc/npo/3379737342.html,School Partnership Manager
http://sfbay.craigslist.org/sfc/npo/3379707565.html,"Part-Time Research Assistant, Peer Health Exchange"
http://sfbay.craigslist.org/eby/npo/3379675041.html,MAKE A DIFFERENCE. FUNDRAISE! $11-$17
http://sfbay.craigslist.org/sfc/npo/3379647477.html,Desk Clerk $14.01/per hour
http://sfbay.craigslist.org/eby/npo/3379616899.html,BILINGUAL THERAPIST FOR FOSTER FAMILY AGENCY
http://sfbay.craigslist.org/eby/npo/3379549836.html,"*** Be The Change -- Work for Greenpeace FT, $12-13/HR *** "
http://sfbay.craigslist.org/scz/npo/3379547032.html,"*** Be The Change -- Work for Greenpeace FT, $12-13/HR *** "
http://sfbay.craigslist.org/nby/npo/3379517616.html,Counselor:  Live-In
http://sfbay.craigslist.org/eby/npo/3379507441.html,BILINGUAL SOCIAL WORKER/THERAPIST
http://sfbay.craigslist.org/scz/npo/3379484950.html,Speak for the trees!
http://sfbay.craigslist.org/sfc/npo/3379484857.html,Speak for the trees!
http://sfbay.craigslist.org/sfc/npo/3379484781.html,Speak for the trees!
http://sfbay.craigslist.org/nby/npo/3379463371.html,Director of Development (Marine Conservation)
http://sfbay.craigslist.org/eby/npo/3379457102.html,Counseling Intern
http://sfbay.craigslist.org/eby/npo/3379449723.html,Event Recruitment Manager Position -- Pleasant Hill 
http://sfbay.craigslist.org/pen/npo/3379422202.html,Clinician - Day Rehabilitation Services
http://sfbay.craigslist.org/nby/npo/3361838844.html,LIFE SKILLS COACH Bilingual Spanish-English 
http://sfbay.craigslist.org/sfc/npo/3361877498.html,BILINGUAL HEALTH EDUCATOR/ LIFE COACH SF
http://sfbay.craigslist.org/eby/npo/3379371482.html,Part-Time Driver
http://sfbay.craigslist.org/sfc/npo/3379329315.html,FAMILY SUPPORT SPECIALIST
http://sfbay.craigslist.org/sfc/npo/3379328127.html,HOME VISITOR (ENGLISH/ SPANISH)
http://sfbay.craigslist.org/sfc/npo/3379327806.html,Financial Development Associate -- Grants
http://sfbay.craigslist.org/sfc/npo/3378916206.html,Manager of Institutional Giving
http://sfbay.craigslist.org/sby/npo/3378567938.html,Boys Group Home Counselor
http://sfbay.craigslist.org/eby/npo/3378400871.html,Mental Health Clinician-Spanish Speaking
http://sfbay.craigslist.org/sfc/npo/3378245412.html,Stop the war on women!
http://sfbay.craigslist.org/sby/npo/3378236698.html,Special Education Teacher 
http://sfbay.craigslist.org/eby/npo/3378235094.html,Exhibitions Assistant
http://sfbay.craigslist.org/eby/npo/3378216525.html,Development Coordinator
http://sfbay.craigslist.org/nby/npo/3378210592.html,Wraparound Social Worker / Facilitator
http://sfbay.craigslist.org/nby/npo/3378209709.html,Bilingual Wraparound Social Worker (MSW / MFT Required!)
http://sfbay.craigslist.org/eby/npo/3378206945.html,Bilingual Classroom Therapist
http://sfbay.craigslist.org/sfc/npo/3378205776.html,Bilingual Mobile Counselor - Working with youth
http://sfbay.craigslist.org/eby/npo/3378204056.html,Marketing Coordinator
http://sfbay.craigslist.org/sfc/npo/3378201626.html,Mental Health Internship Opportunity
http://sfbay.craigslist.org/sfc/npo/3378201497.html,Program Assistant - Strong organizational skills!
http://sfbay.craigslist.org/nby/npo/3378159990.html,Behavioral Health Counselor
http://sfbay.craigslist.org/eby/npo/3378159463.html,LCSW Clinical Therapist 
http://sfbay.craigslist.org/sby/npo/3378150974.html,RELIEF Residential Counselors - Bill Wilson Center
http://sfbay.craigslist.org/eby/npo/3378140459.html,SSVF Case Manager 
http://sfbay.craigslist.org/sfc/npo/3378099010.html,COMMUNICATIONS INTERN
,
http://sfbay.craigslist.org/sfc/npo/3378046686.html,CHILDREN AND FAMILIES PROGRAM INTERN
http://sfbay.craigslist.org/sfc/npo/3378010507.html,Japanese Bilingual Preschool Teacher
http://sfbay.craigslist.org/sfc/npo/3378006869.html,ADVANCED ENERGY AND SUSTAINABILITY PROGRAM INTERN
http://sfbay.craigslist.org/nby/npo/3377985743.html,Bilingual Office Manager/Human Resources
http://sfbay.craigslist.org/sby/npo/3377917766.html,Exhibition Developer-Health and Biotech
http://sfbay.craigslist.org/sfc/npo/3377880946.html,Part Time Peer Health Educator
http://sfbay.craigslist.org/sfc/npo/3377790194.html,Administrative Assistant
http://sfbay.craigslist.org/nby/npo/3377819053.html,Bilingual Spanish-English Marriage and Family Therapist Intern
http://sfbay.craigslist.org/eby/npo/3377793193.html,BYA Youth Center seeks Data Management Assistant
http://sfbay.craigslist.org/eby/npo/3339840414.html,"Chief Operating Officer, volunteer"
http://sfbay.craigslist.org/sby/npo/3377782951.html,Program Manager 
http://sfbay.craigslist.org/sfc/npo/3377718781.html,Case Manager -- Full Time
http://sfbay.craigslist.org/nby/npo/3377665891.html,Part-time SORTER/PRICER needed
http://sfbay.craigslist.org/sby/npo/3377625343.html,Development and Communications Assistant
http://sfbay.craigslist.org/sfc/npo/3377546569.html,Part-time & On-call Counselor in Teenage Residential Home
http://sfbay.craigslist.org/eby/npo/3377543086.html,WORLD SAVERS WANTED! $11-$17/hr
http://sfbay.craigslist.org/sby/npo/3325609095.html,EXPERIENCED GOSPEL MUSIC PIANIST WANTED IN SAN JOSE
http://sfbay.craigslist.org/sfc/npo/3377526420.html,Make A Difference! FUNDRAISE $11-$17/hr
http://sfbay.craigslist.org/sfc/npo/3377515723.html,State Bar of California - Attorney
http://sfbay.craigslist.org/scz/npo/3377451505.html,Over a million acres of CA forest are planned for clear cutting!
http://sfbay.craigslist.org/sfc/npo/3377445815.html,9 of 10 LGBT youth were bullied last year.  Stop the hate!
http://sfbay.craigslist.org/sfc/npo/3377439300.html,Over a million acres of CA forest are planned for clear cutting!
http://sfbay.craigslist.org/nby/npo/3377427534.html,Bilingual Community Health Worker / Promotor(a) de Salud 
http://sfbay.craigslist.org/pen/npo/3377427475.html,"Development Director, Ronald McDonald House"
http://sfbay.craigslist.org/sfc/npo/3377376951.html,Relief Counselor - Day Treatment
http://sfbay.craigslist.org/sby/npo/3377332712.html,*FT Work for Greenpeace to STOP GLOBAL WARMING - $12-$13/hr*
http://sfbay.craigslist.org/eby/npo/3377191126.html,Work Program Production Manager/Sales Manager
http://sfbay.craigslist.org/eby/npo/3377123585.html,Community Health Outreach Worker-Job No. 300911-CHE
http://sfbay.craigslist.org/sby/npo/3377091816.html,Victim Witness Special Project Advocate
http://sfbay.craigslist.org/nby/npo/3377029396.html,COUNSELOR...A New Direction Makes A Difference
http://sfbay.craigslist.org/sfc/npo/3376962150.html,EMPOWER DEMOCRACY-ACTIVIST FUNDRAISERS/Part-Time PHONE WORK
http://sfbay.craigslist.org/eby/npo/3309520443.html,Janitorial & Utility Man or Woman Needed. Evenings & Sunday. Fairfield
http://sfbay.craigslist.org/nby/npo/3376277704.html,College Access Program Assistant
http://sfbay.craigslist.org/sfc/npo/3376193976.html,Case Manager/Crisis Intervention Counselor 
http://sfbay.craigslist.org/eby/npo/3376168283.html,BYA seeks Family Support Coordinator
http://sfbay.craigslist.org/pen/npo/3376101069.html,"Case Manager - Bridges, Follow-up"
http://sfbay.craigslist.org/sby/npo/3376087110.html,FT & PT Customer Relations - Humane Society Silicon Valley
http://sfbay.craigslist.org/sby/npo/3376077677.html,"Case Manager, Bilingual"
http://sfbay.craigslist.org/sby/npo/3376047592.html,Program Coordinator - After School Program
http://sfbay.craigslist.org/nby/npo/3376047246.html,Bilingual Family Partner (Spanish / English)
http://sfbay.craigslist.org/eby/npo/3376045329.html,Wraparound Clinician - Community Based
http://sfbay.craigslist.org/sby/npo/3376042013.html,Bilingual Wraparound Social Worker / Facilitator (Spanish/English)
http://sfbay.craigslist.org/eby/npo/3376041562.html,East Bay SPCA- Animal Care Coordinator
http://sfbay.craigslist.org/nby/npo/3376031140.html,Family Support Counselor
http://sfbay.craigslist.org/nby/npo/3376030095.html,Family Support Counselor BA/BS Required!
http://sfbay.craigslist.org/sfc/npo/3376028806.html,Case Assistant - Strong Administrative Skills Needed
http://sfbay.craigslist.org/eby/npo/3376022205.html,Program Coordinator
http://sfbay.craigslist.org/sfc/npo/3375986497.html,ILSP Employment and Education Specialist-San Francisco County 
http://sfbay.craigslist.org/eby/npo/3375979563.html,Employment & Education Specialist-RECENT COLLEGE GRADS ENCOURAGED
http://sfbay.craigslist.org/sby/npo/3375933014.html,Developmental Services Coordinator
http://sfbay.craigslist.org/sfc/npo/3375907609.html,Over a million acres of CA forest are planned for clear cutting!!!
http://sfbay.craigslist.org/sfc/npo/3342915759.html,A/V Techs wanted 
http://sfbay.craigslist.org/sfc/npo/3375862659.html,A/V and Lighting Technicians Wanted
http://sfbay.craigslist.org/sfc/npo/3375856338.html,CFY Speech Therapist (Bilingual/In-Home Provider)
http://sfbay.craigslist.org/sby/npo/3375855293.html,Family Services Manager-ERSEA
http://sfbay.craigslist.org/sby/npo/3375842742.html,"MAKE MONEY, MAKE A DIFFERENCE!!!"
http://sfbay.craigslist.org/pen/npo/3375811117.html,Policy Analyst
http://sfbay.craigslist.org/sfc/npo/3375794117.html,Special Ed High School English Teacher
http://sfbay.craigslist.org/sfc/npo/3375782931.html,Special Ed High School Math Teacher
http://sfbay.craigslist.org/sfc/npo/3375724164.html,seeking book promotion specialist
http://sfbay.craigslist.org/nby/npo/3314381056.html,Boys & Girls Club Program Coordinator- Multiple Locations Countywide 
http://sfbay.craigslist.org/nby/npo/3314381661.html,Boys & Girls Club Program Coordinator: Teens(6-8th Grade) 
http://sfbay.craigslist.org/nby/npo/3350491147.html,Boys & Girls Clubs Director of Resource Development
http://sfbay.craigslist.org/nby/npo/3357643298.html,Boys & Girls Club Director of Program Services
http://sfbay.craigslist.org/nby/npo/3362151318.html,Boys & Girls Club -Academic Tutor
http://sfbay.craigslist.org/sfc/npo/3375639751.html,Campaign Jobs!
http://sfbay.craigslist.org/pen/npo/3375620488.html,Veterinary Assistant
http://sfbay.craigslist.org/nby/npo/3375619746.html,"Personal Care Provider (PCP), Residential Support Services program "
http://sfbay.craigslist.org/eby/npo/3375607168.html,FNL Program Coordinator
http://sfbay.craigslist.org/pen/npo/3375604255.html,Financial Empowerment Coordinator
http://sfbay.craigslist.org/sby/npo/3375561138.html,HR/Talent Director at dynamic microfinance non-profit
http://sfbay.craigslist.org/nby/npo/3375549358.html,PSYCHOLOGIST-CLINICAL/PROGRAM DIRECTOR
http://sfbay.craigslist.org/sby/npo/3375491379.html,Substance Abuse Counselor - bilingual preferred
http://sfbay.craigslist.org/sfc/npo/3375458594.html,Full Circle Fund Seeks Intern 
http://sfbay.craigslist.org/eby/npo/3375426079.html,Phone Program Director -Peace Action West
http://sfbay.craigslist.org/sby/npo/3375393120.html,Mental Health Specialist - Bill Wilson Center
http://sfbay.craigslist.org/sfc/npo/3375355897.html,Directly Affect Non-Profits. Promote Change. FUNDRAISE! 
http://sfbay.craigslist.org/sfc/npo/3375280203.html,Mental Health Consultant
http://sfbay.craigslist.org/eby/npo/3375226883.html,Therapist for Transitional Age Youth Program
http://sfbay.craigslist.org/sfc/npo/3375184335.html,Nonprofit needs tutor
http://sfbay.craigslist.org/eby/npo/3375181370.html,Outreach Coordinator for PBS Documentary
http://sfbay.craigslist.org/pen/npo/3375132695.html,Educator/Class B Drivers Needed
http://sfbay.craigslist.org/nby/npo/3375122389.html,Live-In Manager for Group Homes
http://sfbay.craigslist.org/sby/npo/3375106418.html,Temporary Warehouse Helper
http://sfbay.craigslist.org/sfc/npo/3375105522.html,Bell Ringer - SF Kroc
http://sfbay.craigslist.org/sfc/npo/3375092390.html,"Case Manager, Young Emanicpated Adults Program - SF Kroc"
http://sfbay.craigslist.org/sfc/npo/3375083252.html,Railton Place Director - SF Kroc
http://sfbay.craigslist.org/sfc/npo/3375054653.html,6 Positions to defend reproductive rights need immediate filling!
http://sfbay.craigslist.org/nby/npo/3375048391.html,Development & Volunteer Coordinator
http://sfbay.craigslist.org/sfc/npo/3375031753.html,Bayview HEAL Coordinator
http://sfbay.craigslist.org/sfc/npo/3375031159.html,Program Assistant
http://sfbay.craigslist.org/sfc/npo/3375028789.html,Over a million acres of CA forest are planned for clear cutting! Help!
http://sfbay.craigslist.org/scz/npo/3375020159.html,6 Positions to defend the enviroment need immediate filling!
http://sfbay.craigslist.org/eby/npo/3375018152.html,Community Engagement Coordinator
http://sfbay.craigslist.org/eby/npo/3359430753.html,Program Director (FESCO)
http://sfbay.craigslist.org/eby/npo/3361857465.html,Health Educator/ Life Coach
http://sfbay.craigslist.org/pen/npo/3374952363.html,Interim Enrollment Coordinator
http://sfbay.craigslist.org/scz/npo/3374928620.html,*Make a difference Full-time for Greenpeace* 
http://sfbay.craigslist.org/scz/npo/3374923317.html,Direct Care Providers Needed
http://sfbay.craigslist.org/scz/npo/3374916889.html,Direct Care Providers Recruitment Fair 11/7
,
http://sfbay.craigslist.org/eby/npo/3374916548.html,*Make a difference Full-time for Greenpeace* 
http://sfbay.craigslist.org/sby/npo/3374877832.html,Staffing and Training Cordinator
http://sfbay.craigslist.org/nby/npo/3374831674.html,Temp Kitchen Assistant-Bring your huge heart and a great work ethic
http://sfbay.craigslist.org/eby/npo/3327434367.html,"Project Manager, Marketing and Communications"
http://sfbay.craigslist.org/eby/npo/3374775929.html,FAMILY RESOURCE SPECIALIST
http://sfbay.craigslist.org/eby/npo/3374170988.html,"GET PAID TO HELP ELECT DEMOCRATS, START NOW!"
http://sfbay.craigslist.org/sfc/npo/3374052921.html,"Development Director, Part-Time"
http://sfbay.craigslist.org/sfc/npo/3361398550.html,Advocacy Program Manager 
http://sfbay.craigslist.org/sfc/npo/3324711078.html,"Part Time, Perm Staff Attorney - 17 to 20 hours per week"
http://sfbay.craigslist.org/pen/npo/3330508507.html,Girls & Boys Lacrosse Coaches paid
http://sfbay.craigslist.org/pen/npo/3373847697.html,Non Profit firm seeks paralegal/administrative asst.
http://sfbay.craigslist.org/eby/npo/3373820193.html,BYA seeks Assistant Director of Administration
http://sfbay.craigslist.org/pen/npo/3373800360.html,Program Development Manager
http://sfbay.craigslist.org/nby/npo/3373776751.html,Kennel Technician 
http://sfbay.craigslist.org/eby/npo/3373760646.html,Child and Family Therapist (Bi-lingual -  Spanish)
http://sfbay.craigslist.org/nby/npo/3373759278.html,Direct Support Professional-Bring your huge heart and great work ethic
http://sfbay.craigslist.org/sfc/npo/3373728746.html,Development and Communications Associate
http://sfbay.craigslist.org/pen/npo/3373720996.html,"Athletic Director, Orange Park Clubhouse"
http://sfbay.craigslist.org/eby/npo/3373719282.html,"Consultant:  Planning, Facilitation, and Training"
http://sfbay.craigslist.org/eby/npo/3373651841.html,Oakland Jazz Choir SEEKING ARTISTIC DIRECTOR
http://sfbay.craigslist.org/eby/npo/3373643641.html,Girls Basketball Coach - Charter High School
http://sfbay.craigslist.org/pen/npo/3373634184.html,BILINGUAL SOCIAL WORKER-ONGOING
http://sfbay.craigslist.org/eby/npo/3373620163.html,Case Manager I Job No. 191012-FSS
http://sfbay.craigslist.org/nby/npo/3373617506.html,TBS (Therapeutic Behavioral Services) Clinician
http://sfbay.craigslist.org/sfc/npo/3373614484.html,Bilingual TBS Clinician - Spanish/English skills required
http://sfbay.craigslist.org/eby/npo/3373609999.html,Social Worker - Intensive Treatment Foster Care
http://sfbay.craigslist.org/eby/npo/3373605912.html,Bilingual Classroom Therapist
http://sfbay.craigslist.org/eby/npo/3373603090.html,MEMBERSHIP & COMMUNICATIONS DIRECTOR - Temple Sinai
http://sfbay.craigslist.org/sfc/npo/3373593711.html,Family Support Counselor 
http://sfbay.craigslist.org/eby/npo/3373593675.html,Shelter Operations Assistant
http://sfbay.craigslist.org/eby/npo/3373584798.html,Bilingual Program Assistant - Spanish / English BA/BS Degree Required
http://sfbay.craigslist.org/sfc/npo/3373577280.html,Keep making a difference! Canvass jobs don't end with the election!
http://sfbay.craigslist.org/sfc/npo/3373576613.html,PAID TEACHING RESIDENCY and Elementary school credential program
http://sfbay.craigslist.org/pen/npo/3373518512.html,Early Learning Center Site Director
http://sfbay.craigslist.org/eby/npo/3373489561.html,Director - Fund Development
http://sfbay.craigslist.org/sfc/npo/3373483880.html,Healthcare Union Organizer Representative
http://sfbay.craigslist.org/eby/npo/3373371021.html,HEALTH EDUCATOR/LIFE SKILLS COACH Bilingual ( Fremont/Hayward)
http://sfbay.craigslist.org/sfc/npo/3373325804.html,Peer Responder - Peer Hoarding/Cluttering Response Team 
http://sfbay.craigslist.org/eby/npo/3373318777.html,BYA Youth Center seeks Workforce Case Manager
http://sfbay.craigslist.org/sfc/npo/3373293400.html,Safety and Support in After-School Program
http://sfbay.craigslist.org/eby/npo/3373211885.html,World Savers Wanted! $11-$17/hr
http://sfbay.craigslist.org/sby/npo/3373206691.html,Bell Ringers
http://sfbay.craigslist.org/sfc/npo/3373205881.html,Combine Passion and Profession! $11-17/hr
http://sfbay.craigslist.org/eby/npo/3373080111.html,Clinical Data Coordinator 
http://sfbay.craigslist.org/nby/npo/3373050024.html,"Manager, Home Care Agency"
http://sfbay.craigslist.org/nby/npo/3373014000.html,Foster Care Clinical Program Manager
http://sfbay.craigslist.org/nby/npo/3372994777.html,Substitute Teacher - Youth Connections/John Muir Charter School
http://sfbay.craigslist.org/sfc/npo/3372987244.html,7 positions to defend reproductive rights need filling!
http://sfbay.craigslist.org/nby/npo/3372962299.html,"Service Provider II, FT, Marin Assisted Independent Living program"
http://sfbay.craigslist.org/sfc/npo/3372877997.html,Residential Counselor - Mental Health Rehabilitation Specialist
http://sfbay.craigslist.org/sfc/npo/3372875278.html,Childcare Worker
http://sfbay.craigslist.org/sfc/npo/3372874725.html,Relief Residential Counselor (On-Call)
http://sfbay.craigslist.org/eby/npo/3372865698.html,PROMOTE PEACE & GET PAID!
http://sfbay.craigslist.org/sfc/npo/3324804927.html,Fashion/Retail Internship
http://sfbay.craigslist.org/sfc/npo/3372835908.html,Global Lives Project Internship - multimedia arts/education nonprofit
http://sfbay.craigslist.org/sfc/npo/3372750115.html,Program Coordinator
http://sfbay.craigslist.org/eby/npo/3372678611.html,Child Advocate-Bilingual
http://sfbay.craigslist.org/pen/npo/3372674357.html,"*** Be The Change -- Work for Greenpeace FT, $12-13/HR *** "
http://sfbay.craigslist.org/nby/npo/3372670251.html, Community Case Managers
http://sfbay.craigslist.org/nby/npo/3372668241.html,"*** Be The Change -- Work for Greenpeace FT, $12-13/HR *** "
http://sfbay.craigslist.org/eby/npo/3372667688.html,Counselor/Case Manager
http://sfbay.craigslist.org/sfc/npo/3372587705.html,Bilingual (English/Spanish) Housing Access Project Case Manager
http://sfbay.craigslist.org/sfc/npo/3372586790.html,P/T Bilingual (Cantonese) Residential Counselor
http://sfbay.craigslist.org/nby/npo/3372555587.html,On-Call Job Coach - Buckelew Employment Services Marin & Sonoma
http://sfbay.craigslist.org/pen/npo/3372501316.html,Department Director of Early Childhood and Family Services
http://sfbay.craigslist.org/nby/npo/3372496384.html,Job Coach
http://sfbay.craigslist.org/sby/npo/3372450393.html,"Case Manager, Outreach"
http://sfbay.craigslist.org/nby/npo/3371827706.html,Non-Hormonal Method Study - Earn up to $700!
http://sfbay.craigslist.org/nby/npo/3371419289.html,Personal Assistant
http://sfbay.craigslist.org/sfc/npo/3371180993.html,EMPOWER DEMOCRACY-ACTIVIST FUNDRAISERS/Part-Time PHONE WORK
http://sfbay.craigslist.org/eby/npo/3369365542.html,Development Director
http://sfbay.craigslist.org/sfc/npo/3369341072.html,Fundraising/Development Apprentice
http://sfbay.craigslist.org/eby/npo/3369330246.html,Intensive Trainer/Job Coah
http://sfbay.craigslist.org/pen/npo/3369315374.html,Project Manager
http://sfbay.craigslist.org/pen/npo/3369295114.html,Project Assistant
http://sfbay.craigslist.org/scz/npo/3369012523.html,Speak for the trees!
http://sfbay.craigslist.org/sfc/npo/3368943051.html,Don't Just Talk About Environmental Issues!  Do Something About It!
http://sfbay.craigslist.org/scz/npo/3368927317.html,Direct Care Providers Recruitment Fair 11/7
http://sfbay.craigslist.org/scz/npo/3368922463.html,Direct Care Providers Needed
http://sfbay.craigslist.org/sfc/npo/3368922386.html,Protect access to birth control! 
http://sfbay.craigslist.org/sfc/npo/3368914099.html,9 of 10 LGBT youth were bullied last year.  Stop the hate!
http://sfbay.craigslist.org/eby/npo/3368215696.html,"Family Engagement Director (Bilingual, Spanish) for 2 Middle Schools"
http://sfbay.craigslist.org/eby/npo/3367621433.html,Behavior Analyst 
http://sfbay.craigslist.org/sfc/npo/3367563091.html,Boys & Girls Clubs of San Francisco - Health and Fitness Director
http://sfbay.craigslist.org/sfc/npo/3367553239.html,Protect access to birth control! 
http://sfbay.craigslist.org/sfc/npo/3367531754.html,Bilingual Case Manager for Housing
http://sfbay.craigslist.org/sfc/npo/3367503290.html,RESIDENTIAL COORDINATOR - THP
http://sfbay.craigslist.org/sfc/npo/3367487461.html,Family / Program Aide - Bilingual
http://sfbay.craigslist.org/sfc/npo/3367481764.html,Seeking a Bi-Lingual Psychotherapist (Spanish/English)
http://sfbay.craigslist.org/eby/npo/3367469238.html,Clinician - Therapeutic Behavior Services
http://sfbay.craigslist.org/eby/npo/3367467487.html,Development & Marketing Manager
http://sfbay.craigslist.org/eby/npo/3367465303.html,Information Technology Director
http://sfbay.craigslist.org/eby/npo/3367460065.html,Team Leader - Project Permanence Program
http://sfbay.craigslist.org/eby/npo/3367456584.html,Bilingual Clinician - HOPE Alameda
http://sfbay.craigslist.org/eby/npo/3367455223.html,Family Specialist - Project Permanence Program
http://sfbay.craigslist.org/eby/npo/3367453166.html,Clinician - HOPE Contra Costa
http://sfbay.craigslist.org/sby/npo/3367447712.html,Bilingual Family Partner - Spanish Skills Required
http://sfbay.craigslist.org/eby/npo/3367445884.html,Wraparound Clinician - Community Based
http://sfbay.craigslist.org/eby/npo/3367443373.html,Bilingual Classroom Therapist
http://sfbay.craigslist.org/sfc/npo/3367442230.html,Mobile Counselor
,
http://sfbay.craigslist.org/eby/npo/3367441568.html,Personal Service Coordinator
http://sfbay.craigslist.org/eby/npo/3367406095.html,Outreach Associate (Bilingual Spanish/English)
http://sfbay.craigslist.org/sfc/npo/3367394885.html,Operation's Associate Position Available
http://sfbay.craigslist.org/nby/npo/3367364149.html,Supported Living Counseleor
http://sfbay.craigslist.org/eby/npo/3367331173.html,Youth Development Specialist 
http://sfbay.craigslist.org/pen/npo/3367307879.html, One on One Specialized Day Program 
http://sfbay.craigslist.org/sby/npo/3367288849.html,Director of Development
http://sfbay.craigslist.org/eby/npo/3367276762.html,Class B Driver
http://sfbay.craigslist.org/sby/npo/3367259080.html,Licensed Mental Health Therapist 
http://sfbay.craigslist.org/eby/npo/3367246035.html,Supervising Social Worker/Behavior Analyst
http://sfbay.craigslist.org/eby/npo/3367234629.html,Substance Use Disorder School-Based Prevention Counselors: Part-Time/T
http://sfbay.craigslist.org/eby/npo/3367206393.html,Life Skills Instructor
http://sfbay.craigslist.org/eby/npo/3367142892.html,Health Educator for School Based Health Center
http://sfbay.craigslist.org/sfc/npo/3367052681.html,Grants Manager
http://sfbay.craigslist.org/sfc/npo/3366996070.html,Client Care & Program Support Assistant (Temporary) 
http://sfbay.craigslist.org/sfc/npo/3366994048.html,Editorial/Social Media Manager
http://sfbay.craigslist.org/pen/npo/3366962699.html,After-School Teacher
http://sfbay.craigslist.org/eby/npo/3366955384.html,Food Justice Org/Finance&Ops Director
http://sfbay.craigslist.org/scz/npo/3366946854.html,Daytime Campus Coordinator
http://sfbay.craigslist.org/eby/npo/3366881022.html,Bilingual LCSW for School Based Health Center
http://sfbay.craigslist.org/pen/npo/3366879916.html,Counselor
http://sfbay.craigslist.org/eby/npo/3366871571.html,Case Manager/Child Care Counselors
http://sfbay.craigslist.org/eby/npo/3366809992.html,Race & Economy Director
http://sfbay.craigslist.org/pen/npo/3366716728.html,Academic Support Staff - After School Program 
http://sfbay.craigslist.org/eby/npo/3366713812.html,BYA Youth Center seeks Case Manager
http://sfbay.craigslist.org/sfc/npo/3361823578.html,Technical and Data Specialists Needed -- Pro Bono Salesforce Projects
http://sfbay.craigslist.org/sfc/npo/3361819638.html,Strategy Consultants -- Use Your Skills Pro Bono to Help Nonprofits
http://sfbay.craigslist.org/sfc/npo/3361815472.html,Brand Strategists -- Lend Your Expertise Pro Bono to a Great Nonprofit 
http://sfbay.craigslist.org/sfc/npo/3361811803.html,Your Words Can Make a Difference. Pro Bono Copywriting Projects.
http://sfbay.craigslist.org/sfc/npo/3361807838.html,Project Managers- Nonprofits Need Strategy Management Skills Pro Bono
http://sfbay.craigslist.org/sfc/npo/3361801000.html,Can You Build A Dynamic Website? Lend Your Skills Pro Bono. 
http://sfbay.craigslist.org/eby/npo/3366645374.html,Be the CHANGE You Want to See~FUNDRAISE~
http://sfbay.craigslist.org/sfc/npo/3366637787.html,WORK to Change the World! FUNDRAISE!!
http://sfbay.craigslist.org/sfc/npo/3366614442.html,Grants Assistant
http://sfbay.craigslist.org/sfc/npo/3366545921.html,Administrative/Legal Assistant for Consumer Advocacy Organization 
http://sfbay.craigslist.org/scz/npo/3366504142.html,Over a million acres of CA forest are planned for clear cutting!
http://sfbay.craigslist.org/sby/npo/3366495618.html,Accounting Generalist
http://sfbay.craigslist.org/sfc/npo/3366495473.html,Protect access to birth control! 
http://sfbay.craigslist.org/sfc/npo/3366494396.html,Over a million acres of CA forest are planned for clear cutting! Help!
http://sfbay.craigslist.org/eby/npo/3366449526.html,Case Manager
http://sfbay.craigslist.org/sby/npo/3366395173.html,*FT Work for Greenpeace to STOP GLOBAL WARMING - $12-$13/hr*
http://sfbay.craigslist.org/eby/npo/3366389648.html,*FT Work for Greenpeace to STOP GLOBAL WARMING - $12-$13/hr*
http://sfbay.craigslist.org/nby/npo/3366379041.html,"Marin Y Lifeguard, Swim Lesson and Water Fitness Instructor, Coach "
http://sfbay.craigslist.org/sfc/npo/3366356517.html,Special Events and Office Manager - Boys Hope Girls Hope
http://sfbay.craigslist.org/sfc/npo/3366249761.html,Annual Fund Manager
http://sfbay.craigslist.org/eby/npo/3366220987.html,Program Chef Instructor - St. Vincent de Paul
http://sfbay.craigslist.org/eby/npo/3366217598.html,Production Chef Instructor- St. Vincent de Paul
http://sfbay.craigslist.org/eby/npo/3349304274.html,Advertising Sales rep
http://sfbay.craigslist.org/eby/npo/3365070153.html,Training Coordinator & Assistant Store Manager
http://sfbay.craigslist.org/sfc/npo/3365307061.html,NATIONAL DEVELOPMENT ASSOCIATE
http://sfbay.craigslist.org/sfc/npo/3365222150.html,Individual Giving Director
http://sfbay.craigslist.org/pen/npo/3365187882.html,"DIRECTOR, MENTAL HEALTH PROGRAM"
http://sfbay.craigslist.org/sfc/npo/3365187615.html,Child and Adolescent Psychiatrist
http://sfbay.craigslist.org/sfc/npo/3365171273.html,**Pro-choice?**
http://sfbay.craigslist.org/nby/npo/3365167420.html,Residential Drug and Alcohol Counselor
http://sfbay.craigslist.org/eby/npo/3365155430.html,Clinical Supervisor
http://sfbay.craigslist.org/sby/npo/3365154417.html,Bilingual Wraparound Clinician (English / Spanish Skills Required)
http://sfbay.craigslist.org/eby/npo/3365151254.html,Social Worker - Intensive Treatment Foster Care
http://sfbay.craigslist.org/sfc/npo/3365149757.html,"Assistant Administrator - PT, 24hr/wk (Bilingual English/Chinese)"
http://sfbay.craigslist.org/nby/npo/3365149512.html,Family Support Counselor
http://sfbay.craigslist.org/nby/npo/3365147293.html,Family Support Counselor BA/BS Required!
http://sfbay.craigslist.org/nby/npo/3365146974.html,Farm to School Coordinator
http://sfbay.craigslist.org/eby/npo/3365145747.html,Bilingual Program Assistant - Spanish / English BA/BS Degree Required
http://sfbay.craigslist.org/pen/npo/3365071752.html,Care Advocate
http://sfbay.craigslist.org/sfc/npo/3365065527.html,Customer Service Manager 
http://sfbay.craigslist.org/sfc/npo/3365063451.html,Behavioral Health Specialists (4 positions)
http://sfbay.craigslist.org/pen/npo/3365040890.html,Independent Living Skills Program (ILSP) Life Skills Facilitator 
http://sfbay.craigslist.org/sby/npo/3365023633.html,Clinician
http://sfbay.craigslist.org/sfc/npo/3365014428.html,"Development Associate, ODC"
http://sfbay.craigslist.org/eby/npo/3364989767.html,Enrollment and Recruiting Coordinator
http://sfbay.craigslist.org/nby/npo/3364982142.html,"Janitorial Crew Leader - Buckelew Employment Services, Marin program"
http://sfbay.craigslist.org/pen/npo/3364926846.html,Executive Director
http://sfbay.craigslist.org/nby/npo/3364871738.html,PSYCHOLOGIST-CLINICAL/PROGRAM DIRECTOR
http://sfbay.craigslist.org/pen/npo/3364862995.html,Moms and Kids Wanted for Paid Research at Stanford 
http://sfbay.craigslist.org/eby/npo/3364837952.html,Bilingual Health Educator/Life Skills Coach- (Spanish/English) 
http://sfbay.craigslist.org/eby/npo/3364837508.html,Administrative Assistant
http://sfbay.craigslist.org/eby/npo/3296615041.html,Bilingual Health Educator/Life Skills Coach- Spanish-English/ Oakland
http://sfbay.craigslist.org/sfc/npo/3364812992.html,Project Manager - Programs
http://sfbay.craigslist.org/sfc/npo/3364659618.html,JOB PLACEMENT SPECIALIST 
http://sfbay.craigslist.org/eby/npo/3364574617.html,Combine Passion and Profession~FUNDRAISE~
http://sfbay.craigslist.org/nby/npo/3364559284.html,Licensed Therapist 
http://sfbay.craigslist.org/sfc/npo/3364551642.html,12 Days Left to Re-Elect Obama! Long-term positions available
http://sfbay.craigslist.org/pen/npo/3364550646.html,Facilities Operations Manager
http://sfbay.craigslist.org/nby/npo/3364542427.html,"Service Provider IV, FACT-HUD program"
http://sfbay.craigslist.org/sfc/npo/3364499458.html,Senior Manager of Marketing and Communications - Summer Search
http://sfbay.craigslist.org/sby/npo/3364457435.html,Finance- Operations Associate
http://sfbay.craigslist.org/sby/npo/3364421551.html,Legal Advocate
http://sfbay.craigslist.org/sfc/npo/3364345892.html,"Project Manager- California Center for Dignity, Recovery, and Stigma E"
http://sfbay.craigslist.org/sfc/npo/3364310121.html,Part Time Weekend Up-night Residential Counselor
http://sfbay.craigslist.org/sfc/npo/3364307958.html,P/T Accountant for school
http://sfbay.craigslist.org/sfc/npo/3364298776.html,PT Weekend Residential Counselor
http://sfbay.craigslist.org/sfc/npo/3364248182.html,"Controller (Temp, Full-Time)"
http://sfbay.craigslist.org/nby/npo/3364234184.html,Animal Care Assistant and Dog Handler
http://sfbay.craigslist.org/eby/npo/3364231637.html,"Do you have a dream?  Fight racism, teach tolerance."
http://sfbay.craigslist.org/sfc/npo/3364224163.html,Speak for the trees!
http://sfbay.craigslist.org/scz/npo/3364216980.html,Speak for the trees!
http://sfbay.craigslist.org/eby/npo/3364215852.html,Veterinarian
http://sfbay.craigslist.org/sfc/npo/3364192208.html,Relief Case Managers (P/T) several positions needed
http://sfbay.craigslist.org/eby/npo/3364178767.html,Volunteer Children's Program Instructor
http://sfbay.craigslist.org/scz/npo/3364114822.html,****JOBS TO PROMOTE SOLAR POWER! FT/PT/Career Opps $10-15/HR 
,
http://sfbay.craigslist.org/sfc/npo/3364111584.html,****CAMPAIGN JOBS for SOLAR POWER; EARN $11-16/HR.
http://sfbay.craigslist.org/eby/npo/3364106892.html,***FIELD MANAGER JOBS ON CLEAN ENERGY CAMPAIGN AVAILABLE! $10-15/HR!
http://sfbay.craigslist.org/eby/npo/3364020357.html,Project Coordinator
http://sfbay.craigslist.org/eby/npo/3363983538.html,Membership Representative
http://sfbay.craigslist.org/eby/npo/3363977393.html,Housing Specialist
http://sfbay.craigslist.org/eby/npo/3363892803.html,*Make a difference Full-time for Greenpeace* 
http://sfbay.craigslist.org/sby/npo/3363816673.html,Awake Night Supervisor Needed 
http://sfbay.craigslist.org/sfc/npo/3362939925.html,Cook
http://sfbay.craigslist.org/eby/npo/3362918831.html,Mental Health Counselor (On-call/Relief)
http://sfbay.craigslist.org/eby/npo/3362912526.html,Bilingual (Spanish) Visiting Therapist
http://sfbay.craigslist.org/eby/npo/3362911762.html,Visiting Therapist
http://sfbay.craigslist.org/pen/npo/3362883274.html,HUMAN RESOURCES AND ADMINISTRATION ASSISTANT
http://sfbay.craigslist.org/sfc/npo/3362852719.html,Stop the war on women!
http://sfbay.craigslist.org/sby/npo/3362851162.html,Donor Engagement Associate - Online Services
http://sfbay.craigslist.org/eby/npo/3362850917.html,"GOTV Paid Canvassers (Oakland, CA)"
http://sfbay.craigslist.org/sfc/npo/3362834789.html,Family Partner
http://sfbay.craigslist.org/sby/npo/3362828063.html,Bilingual Family Partner - Spanish Skills Required
http://sfbay.craigslist.org/nby/npo/3362826766.html,Wraparound Social Worker / Facilitator
http://sfbay.craigslist.org/nby/npo/3362824715.html,Bilingual Wraparound Social Worker (MSW / MFT Required!)
http://sfbay.craigslist.org/eby/npo/3362815058.html,Bilingual Classroom Therapist
http://sfbay.craigslist.org/sfc/npo/3362805900.html,Bilingual Mobile Counselor - Working with youth
http://sfbay.craigslist.org/eby/npo/3362795285.html,Corporate and Foundation Relations Officer
http://sfbay.craigslist.org/nby/npo/3362773423.html,Boys & Girls Clubs of Sonoma Valley - Youth Development Professional
http://sfbay.craigslist.org/eby/npo/3362700602.html,Phone Canvass Program Director-Peace Action West
http://sfbay.craigslist.org/eby/npo/3362700401.html,Work For A Real Change! FUNDRAISE!! $11-$17/hr
http://sfbay.craigslist.org/nby/npo/3362663081.html,Rehabilitation Manager
http://sfbay.craigslist.org/eby/npo/3362529784.html,Area Director
http://sfbay.craigslist.org/eby/npo/3362473583.html,Residential Counselor
http://sfbay.craigslist.org/sfc/npo/3362433099.html,KIPP Foundation - EA to Chief Financial Officer and General Counsel
http://sfbay.craigslist.org/sby/npo/3362426148.html,Raiser's Edge Specialist
http://sfbay.craigslist.org/eby/npo/3362401466.html,Field Observer Research Assistant (2012-27)
http://sfbay.craigslist.org/eby/npo/3362388195.html,Development Associate  
http://sfbay.craigslist.org/sfc/npo/3362387699.html,KIPP Foundation - Junior Grant Accountant
http://sfbay.craigslist.org/eby/npo/3362379676.html,Director of Mental Health and Wellness
http://sfbay.craigslist.org/sfc/npo/3362361552.html,TBS Coach
http://sfbay.craigslist.org/sby/npo/3362339614.html,Therapist I
http://sfbay.craigslist.org/eby/npo/3340843393.html,Bilingual Health Educator/Life Skills Coach- (Spanish/English) 
http://sfbay.craigslist.org/sby/npo/3362303035.html,First 5 Case Manager
http://sfbay.craigslist.org/sfc/npo/3362216903.html,Get Out The Vote Campaign Organizers
http://sfbay.craigslist.org/pen/npo/3362210747.html,Get Out The Vote Campaign Organizers
http://sfbay.craigslist.org/nby/npo/3362208690.html,"LICENSED THERAPIST, Clinician/Social Worker"
http://sfbay.craigslist.org/eby/npo/3362205278.html,Get Out The Vote Campaign Organizers
http://sfbay.craigslist.org/nby/npo/3362204788.html,COUNSELING - Residential Counselor
http://sfbay.craigslist.org/eby/npo/3362197702.html,Get Out The Vote Campaign Organizers
http://sfbay.craigslist.org/pen/npo/3362192507.html,Counselors
http://sfbay.craigslist.org/sby/npo/3362191338.html,Get Out The Vote Campaign Organizers
http://sfbay.craigslist.org/eby/npo/3362174202.html,Get Paid to Make Your Voice Count for PEACE!
http://sfbay.craigslist.org/nby/npo/3362139003.html,Co-Director
http://sfbay.craigslist.org/eby/npo/3362137090.html,Relief Counselor
http://sfbay.craigslist.org/pen/npo/3362133954.html,Job Coach - On Call
http://sfbay.craigslist.org/pen/npo/3362124708.html,Counselor
http://sfbay.craigslist.org/pen/npo/3362117478.html,Relief Counselor 
http://sfbay.craigslist.org/sfc/npo/3362050261.html,Work for the Best Canvassing Organization in the City.  Apply Now!
http://sfbay.craigslist.org/sfc/npo/3361932552.html,World Savers Wanted! $11-$17/hr
http://sfbay.craigslist.org/eby/npo/3361905780.html,Singles Case Manager
http://sfbay.craigslist.org/eby/npo/3295315250.html,Climate Corps Bay Area - There's still time to apply for 2012-13
http://sfbay.craigslist.org/eby/npo/3361818331.html,"Director of Social Services I (Union City, San Leandro & Concord)"
http://sfbay.craigslist.org/scz/npo/3361803394.html,Over a million acres of CA forest are planned for clear cutting!
http://sfbay.craigslist.org/eby/npo/3361802985.html,9 of 10 LGBT youth were bullied last year.  Stop the hate!
http://sfbay.craigslist.org/sfc/npo/3361797795.html,Over a million acres of CA forest are planned for clear cutting!
http://sfbay.craigslist.org/scz/npo/3361752609.html,CAMPAIGN JOBS FOR MORE SOLAR POWER; Career Opps Avail. EARN $10-15/HR!
http://sfbay.craigslist.org/eby/npo/3361746283.html,****CAMPAIGN JOBS for SOLAR POWER; EARN $10-15/HR. 
http://sfbay.craigslist.org/eby/npo/3361665588.html,Employment & Education Specialist-RECENT COLLEGE GRADS ENCOURAGED
http://sfbay.craigslist.org/nby/npo/3361647699.html,After School Program Coordinator-Elementary School
http://sfbay.craigslist.org/eby/npo/3361516758.html,Garden Teacher 
http://sfbay.craigslist.org/pen/npo/3361476934.html,BILINGUAL SOCIAL WORKER-ONGOING
http://sfbay.craigslist.org/sfc/npo/3361034014.html,"Director of Individual, Sm and Large Corporate giving"
http://sfbay.craigslist.org/sby/npo/3360773015.html,Social work internship/MFT traineeship
http://sfbay.craigslist.org/sby/npo/3360544332.html,Campaign Jobs - $15.98/hour
http://sfbay.craigslist.org/sby/npo/3360538285.html,RN CASE MANAGER
http://sfbay.craigslist.org/sby/npo/3360477679.html,Natural and Green Campuse looking for Preschool Teachers
http://sfbay.craigslist.org/eby/npo/3360474395.html,Webcast Producer
http://sfbay.craigslist.org/sfc/npo/3360457876.html,Speak for the trees!
http://sfbay.craigslist.org/eby/npo/3360451162.html,Flyer Distribution
http://sfbay.craigslist.org/pen/npo/3360405727.html,"On-Call, Back-up Crisis Counselor "
http://sfbay.craigslist.org/nby/npo/3360397565.html,Bilingual Family Partner (Spanish / English)
http://sfbay.craigslist.org/eby/npo/3360396080.html,Wraparound Clinician - Community Based
http://sfbay.craigslist.org/eby/npo/3360395268.html,Resident Services Supervisor
http://sfbay.craigslist.org/sby/npo/3360392616.html,Bilingual Wraparound Clinician (English / Spanish Skills Required)
http://sfbay.craigslist.org/nby/npo/3360390749.html,Family Support Counselor BA/BS Required!
http://sfbay.craigslist.org/sfc/npo/3360389612.html,Family Support Counselor 
http://sfbay.craigslist.org/sfc/npo/3360387417.html,Case Assistant - Strong Administrative Skills Needed
http://sfbay.craigslist.org/eby/npo/3360370962.html,Youth Instructor
http://sfbay.craigslist.org/nby/npo/3360327902.html,Cashier 
http://sfbay.craigslist.org/eby/npo/3360323300.html,Development Manager
http://sfbay.craigslist.org/pen/npo/3360282293.html,Major Gifts Program Manager
http://sfbay.craigslist.org/pen/npo/3360275763.html,Social Media and Communications Program Manager
http://sfbay.craigslist.org/sfc/npo/3360258458.html,Afterschool Dance Teacher
http://sfbay.craigslist.org/sfc/npo/3360216923.html,Bilingual Research Assistant (Spanish)
http://sfbay.craigslist.org/sfc/npo/3360197610.html,Maintenance Worker
http://sfbay.craigslist.org/sfc/npo/3360160380.html,Legal Counsel for Save the Redwoods League
http://sfbay.craigslist.org/pen/npo/3360037698.html,Shelter Case Manager- health case mgmt
http://sfbay.craigslist.org/eby/npo/3360036666.html,Development and Marketing Assistant
http://sfbay.craigslist.org/sfc/npo/3359992505.html,Administrative/Legal Assistant for Consumer Advocacy Organization 
http://sfbay.craigslist.org/sby/npo/3359982613.html,Growing Private Practice Seeks Therapist
http://sfbay.craigslist.org/sfc/npo/3359945737.html,On-Call Monitor - SF Harbor Light
http://sfbay.craigslist.org/sfc/npo/3359939270.html,Dance Instructor: After-School Program 
http://sfbay.craigslist.org/scz/npo/3359891226.html,Direct Care Providers Needed
http://sfbay.craigslist.org/scz/npo/3359879580.html,Direct Care Providers Recruitment Fair 11/7
http://sfbay.craigslist.org/nby/npo/3359855698.html,Seniors at Home Social Work Care Manager
,
http://sfbay.craigslist.org/eby/npo/3359793621.html,Clinician - HOPE Contra Costa
http://sfbay.craigslist.org/sfc/npo/3359761573.html,Family Consultant 
http://sfbay.craigslist.org/sfc/npo/3359689821.html,"Have Fun, Meet People, Make A Difference! $11-$17/ho FUNDRAISING! "
http://sfbay.craigslist.org/nby/npo/3359642269.html,Marriage and Family Therapist Intern/trainee & Clinical Supervisor
http://sfbay.craigslist.org/eby/npo/3359638612.html,YMCA Associate Director
http://sfbay.craigslist.org/pen/npo/3359618170.html,"Director, Major Gifts"
http://sfbay.craigslist.org/sfc/npo/3359569358.html,Bilingual (English/Spanish) Housing Access Project Case Manager
http://sfbay.craigslist.org/eby/npo/3359553466.html,Communications Manager
http://sfbay.craigslist.org/sby/npo/3359544633.html,Senior Wellness Coordinator
http://sfbay.craigslist.org/sfc/npo/3359541874.html,Athletic Program Manager for Youth and Coach Development
http://sfbay.craigslist.org/sfc/npo/3343462820.html,Can You Build A Dynamic Website? Lend Your Pro Bono Skills For Good. 
http://sfbay.craigslist.org/eby/npo/3359384755.html,6 Positions to protect CA forests need immediate filling!!!
http://sfbay.craigslist.org/scz/npo/3359384295.html,6 Positions to defend the enviroment need immediate filling!
http://sfbay.craigslist.org/sfc/npo/3359383834.html,6 Positions to defend reproductive rights need immediate filling!
http://sfbay.craigslist.org/eby/npo/3359344141.html,Clinical Supervisor for the Parent Engagement Program (PEP) 
http://sfbay.craigslist.org/sfc/npo/3359316693.html,"Clinical Case Manager, Outpatient Behavioral Health "
http://sfbay.craigslist.org/sfc/npo/3359244419.html,Insect Discovery Lab Education Specialist
http://sfbay.craigslist.org/scz/npo/3359239821.html,****JOBS FOR MORE SOLAR! Campaign Positions with Environment CA!
http://sfbay.craigslist.org/sfc/npo/3359235476.html,******** EARN $11-16/HR THIS WEEK. CAMPAIGN STAFF NEEDED!
http://sfbay.craigslist.org/eby/npo/3359232035.html,****JOBS TO PROMOTE SOLAR POWER! FT/PT/Career Opps $10-15/HR 
http://sfbay.craigslist.org/nby/npo/3359205396.html,Bilingual Office Manager/Human Resources
http://sfbay.craigslist.org/eby/npo/3359034837.html,Child Fund Charity Team Lead
http://sfbay.craigslist.org/sfc/npo/3359020304.html,Child Fund Charity Ambassadors/Fundraisers
http://sfbay.craigslist.org/eby/npo/3358841495.html,Direct Support Professional
http://sfbay.craigslist.org/nby/npo/3358384876.html,Event and Marketing Coodinator
http://sfbay.craigslist.org/sfc/npo/3358158768.html,"Development Coordinator -- March for Babies, San Francisco, CA "
http://sfbay.craigslist.org/pen/npo/3357923687.html,Grants Associate Temp
http://sfbay.craigslist.org/scz/npo/3357920787.html,Over a million acres of CA forest are planned for clear cutting!
http://sfbay.craigslist.org/pen/npo/3357904292.html,Gifts Associate Temp
http://sfbay.craigslist.org/eby/npo/3357898834.html,Animal Care Specialist (Part-time)
http://sfbay.craigslist.org/eby/npo/3357870317.html,Holistic Oriented Home-Care for Disabled Woman
http://sfbay.craigslist.org/sfc/npo/3357849936.html,La Cocina Hiring for Food Business Wizard
http://sfbay.craigslist.org/scz/npo/3357819849.html,Development Associate
http://sfbay.craigslist.org/nby/npo/3357798960.html,TBS (Therapeutic Behavioral Services) Clinician
http://sfbay.craigslist.org/eby/npo/3357796912.html,Classroom Therapist
http://sfbay.craigslist.org/sfc/npo/3357795095.html,Bilingual TBS Clinician - Spanish/English skills required
http://sfbay.craigslist.org/eby/npo/3357792563.html,Social Worker - Intensive Treatment Foster Care
http://sfbay.craigslist.org/eby/npo/3357790122.html,Bilingual Classroom Therapist
http://sfbay.craigslist.org/eby/npo/3357780879.html,Bilingual Program Assistant - Spanish / English
http://sfbay.craigslist.org/sfc/npo/3357761976.html,Progress Foundation Assistant Director
http://sfbay.craigslist.org/sfc/npo/3357756786.html,JFCS RIDES Driver
http://sfbay.craigslist.org/sfc/npo/3357754298.html,Earn over $1200/month protecting the planet! Part-time!
http://sfbay.craigslist.org/eby/npo/3357741524.html,Align Your Passions with Your Profession- FUNDRAISE! $11-$17/ho! 
http://sfbay.craigslist.org/pen/npo/3357739095.html,Development Manager
http://sfbay.craigslist.org/eby/npo/3357735096.html,Community Programs Middle School Coordinator - 6th Grade
http://sfbay.craigslist.org/eby/npo/3357728448.html,Executive Director for Mindfulness Services for Youth Nonprofit 
http://sfbay.craigslist.org/sfc/npo/3357721310.html,Social Worker
http://sfbay.craigslist.org/sfc/npo/3357714484.html,Counselor-- Full Time & Part Time Position
http://sfbay.craigslist.org/eby/npo/3357706981.html,Childcare Worker
http://sfbay.craigslist.org/sfc/npo/3357685506.html,Social Worker
http://sfbay.craigslist.org/sfc/npo/3357655027.html,"Development Associate, Homeless Youth Alliance"
http://sfbay.craigslist.org/sfc/npo/3357650845.html,Part Time Program Clerk (13 Hours per week)
http://sfbay.craigslist.org/sfc/npo/3357589602.html,Are You A People Person? Want to Make a Difference! Join Us! $11-$17/h
http://sfbay.craigslist.org/sby/npo/3357579940.html,Clinician I (Bilingual in Spanish Preferred)
http://sfbay.craigslist.org/pen/npo/3329626169.html,Mandarin speaking After-School Assistant
http://sfbay.craigslist.org/eby/npo/3357506748.html,Support adults with disabilities in their work
http://sfbay.craigslist.org/eby/npo/3357468525.html,Early Intervention Specialists (non-credentialed teachers) Richmond
http://sfbay.craigslist.org/pen/npo/3357435071.html,Mothers with Depression Needed- Paid Research Stanford University
http://sfbay.craigslist.org/eby/npo/3357334515.html,Work for Smarter Foreign Policy
http://sfbay.craigslist.org/sfc/npo/3357334361.html,Administrative Assistant - 501(c)3
http://sfbay.craigslist.org/eby/npo/3357301589.html,Peer Coach - Part Time 20 hours/week
http://sfbay.craigslist.org/sfc/npo/3357288699.html,PASS STATE PROPOSITIONS WITH THE DEMS!
http://sfbay.craigslist.org/sby/npo/3357270097.html,Day Program Service Coordinator
http://sfbay.craigslist.org/eby/npo/3357161905.html,Direct Support Professional
http://sfbay.craigslist.org/sfc/npo/3357150744.html,Get Out The Vote Campaign Organizers
http://sfbay.craigslist.org/eby/npo/3357145195.html,Route Driver- Substitute
http://sfbay.craigslist.org/pen/npo/3357144525.html,Get Out The Vote Campaign Organizers
http://sfbay.craigslist.org/eby/npo/3357139192.html,Get Out The Vote Campaign Organizers
http://sfbay.craigslist.org/eby/npo/3357132909.html,Get Out The Vote Campaign Organizers
http://sfbay.craigslist.org/sby/npo/3357126132.html,Get Out The Vote Campaign Organizers
http://sfbay.craigslist.org/eby/npo/3357043354.html,Adoption Navigator -- Bilingual English/Spanish
http://sfbay.craigslist.org/eby/npo/3356999108.html,"Community Educator -Temporary, Part Time"
http://sfbay.craigslist.org/sby/npo/3356960264.html,Direct Care Professionals
http://sfbay.craigslist.org/scz/npo/3356853289.html,FULL AND PART-TIME JOBS WITH Environment California! EARN $10-15/HR
http://sfbay.craigslist.org/sfc/npo/3356847916.html,Annual Campaign Director
http://sfbay.craigslist.org/sfc/npo/3356809577.html,HIV Prevention Specialist -- Communities of Color
http://sfbay.craigslist.org/sfc/npo/3356780111.html,Temp-to-Hire Accounts Payable Analyst
http://sfbay.craigslist.org/sfc/npo/3356772503.html,****JOBS TO PROMOTE SOLAR POWER! FT/PT/Career Opps $11-16/HR 
http://sfbay.craigslist.org/eby/npo/3356767741.html,FULL AND PART-TIME JOBS WITH Environment California! EARN $10-15/HR
http://sfbay.craigslist.org/nby/npo/3356735864.html,Direct Support Professional-Bring your huge heart and great work ethic
http://sfbay.craigslist.org/sfc/npo/3356721990.html,P/T Bilingual (Cantonese) Residential Counselor
http://sfbay.craigslist.org/sfc/npo/3356721500.html,The time is NOW: Salaried election and long-term positions available!
http://sfbay.craigslist.org/sby/npo/3356719917.html,Part Time Child Intervention Specialist
http://sfbay.craigslist.org/sfc/npo/3356644223.html,Hold Corporations Accountable! Get Paid to Make a Difference! 
http://sfbay.craigslist.org/eby/npo/3345595997.html,Development Intern-Center for Environmental Health
http://sfbay.craigslist.org/sfc/npo/3356635126.html,Social Media and Marketing Intern
http://sfbay.craigslist.org/eby/npo/3356357802.html,Child Fund Charity Team Lead
http://sfbay.craigslist.org/sfc/npo/3356330400.html,Child Fund Charity Ambassadors/Fundraisers
http://sfbay.craigslist.org/nby/npo/3356011892.html,In Home Support Counselor
http://sfbay.craigslist.org/nby/npo/3356011280.html,Day Treatment Clinician
http://sfbay.craigslist.org/nby/npo/3355974435.html,Volunteer for Birth Control Gel Study...Up to $700!
http://sfbay.craigslist.org/eby/npo/3349309117.html,"Maker, engineer, teacher's assistant"
http://sfbay.craigslist.org/eby/npo/3289666148.html,Donations Manager volunteer
http://sfbay.craigslist.org/pen/npo/3355654226.html,Preschool Director
http://sfbay.craigslist.org/pen/npo/3355650560.html,Community Access Instructor
http://sfbay.craigslist.org/pen/npo/3355648498.html,Director of Marketing and Digital Communications
http://sfbay.craigslist.org/sfc/npo/3355252065.html,The time is NOW: Salaried election and long-term positions available!
http://sfbay.craigslist.org/sfc/npo/3355054612.html,Work to Elect Progressive Leaders!  Apply Now!
http://sfbay.craigslist.org/scz/npo/3354663390.html,CAMPAIGN JOBS :: Fight for the Environment! - - 
http://sfbay.craigslist.org/sfc/npo/3354625565.html,Campaign Jobs! - Fight for Reproductive Rights! -
,
http://sfbay.craigslist.org/eby/npo/3354624142.html,Over a million acres of CA forest are planned for clear cutting!  Help
http://sfbay.craigslist.org/eby/npo/3353894504.html,Executive Director-SummerFest Classical Music Concerts
http://sfbay.craigslist.org/sfc/npo/3353460176.html,Home Detention Case Worker
http://sfbay.craigslist.org/scz/npo/3353423072.html,CAMPAIGN JOBS :: Fight for the Environment! - - 
http://sfbay.craigslist.org/sfc/npo/3353416857.html,Campaign Jobs! - Fight for Reproductive Rights! -
http://sfbay.craigslist.org/sfc/npo/3353273894.html,After school and Summer Recreational Aide
http://sfbay.craigslist.org/eby/npo/3353272149.html,***-CAMPAIGN JOBS-*** PROTECT THE ENVIRONMENT IN 2012!
http://sfbay.craigslist.org/nby/npo/3353087005.html,Nature+Wildlife Art In-houseSales
http://sfbay.craigslist.org/eby/npo/3289394360.html,Learn I.P. Require At Least Some I.P. Experience
http://sfbay.craigslist.org/scz/npo/3352584950.html,CAMPAIGN JOBS :: Fight for the Environment! - - 
http://sfbay.craigslist.org/sfc/npo/3352552230.html,Campaign Jobs! - Fight for Reproductive Rights! -
http://sfbay.craigslist.org/eby/npo/3352540849.html,Maker Specialist
http://sfbay.craigslist.org/eby/npo/3344642332.html,Biology Specialist
http://sfbay.craigslist.org/eby/npo/3352479478.html,Advertising Sales rep
http://sfbay.craigslist.org/eby/npo/3352462184.html,***-CAMPAIGN JOBS-*** PROTECT THE ENVIRONMENT IN 2012!
http://sfbay.craigslist.org/eby/npo/3352436721.html,MFT Trainee/Intern (Bilingual Preferred)
http://sfbay.craigslist.org/sfc/npo/3352067577.html,EMPOWER DEMOCRACY-ACTIVIST FUNDRAISERS/Part-Time PHONE WORK
http://sfbay.craigslist.org/eby/npo/3351621446.html,Social Worker
http://sfbay.craigslist.org/eby/npo/3351600219.html,Executive Director for nonprofit agency needed
http://sfbay.craigslist.org/sfc/npo/3343519123.html,Technical and Data Specialists Needed -- Pro Bono Salesforce Projects
http://sfbay.craigslist.org/sfc/npo/3343515982.html,HR Consultants Needed -- Use your Skills Pro Bono to Effect Change
http://sfbay.craigslist.org/sfc/npo/3343466365.html,Strategy Consultants -- Use Your Skills Pro Bono to Help Non Profits Gr
http://sfbay.craigslist.org/sfc/npo/3343456931.html,Help Others: Use Your Copywriting Skills Pro Bono  
http://sfbay.craigslist.org/sfc/npo/3343459444.html,Graphic Designers -- Pro Bono Print & Brand Work Can Make a Difference
http://sfbay.craigslist.org/sfc/npo/3343454295.html,Brand Strategists -- Lend Your Expertise Pro Bono to a Great Nonprofit 
http://sfbay.craigslist.org/pen/npo/3351390647.html,Director of Education and Program Development
http://sfbay.craigslist.org/eby/npo/3351326515.html,Membership Manager  SQL
http://sfbay.craigslist.org/eby/npo/3351322126.html,Finance and Accounting Manager
http://sfbay.craigslist.org/eby/npo/3351318804.html, STAFF RECRUITER - LABOR UNION  EXPERIENCE
http://sfbay.craigslist.org/eby/npo/3351315869.html,Systems Analyst SQL
http://sfbay.craigslist.org/eby/npo/3351311987.html,Strategic Communications Manager
http://sfbay.craigslist.org/eby/npo/3351308214.html,Communications Specialist 
http://sfbay.craigslist.org/sfc/npo/3351306417.html,Mobile Counselor
http://sfbay.craigslist.org/sfc/npo/3351283195.html,Case Assistant - Strong Administrative Skills Needed
http://sfbay.craigslist.org/eby/npo/3351277601.html,Housing Coordinator
http://sfbay.craigslist.org/sby/npo/3351275396.html,Bilingual Family Partner - Spanish Skills Required
http://sfbay.craigslist.org/eby/npo/3351271754.html,Wraparound Clinician - Community Based
http://sfbay.craigslist.org/eby/npo/3351259039.html,Mental Health Clinician
http://sfbay.craigslist.org/eby/npo/3351244306.html,Bilingual Classroom Therapist
http://sfbay.craigslist.org/sfc/npo/3351227993.html,Grants Coordinator
http://sfbay.craigslist.org/sby/npo/3351222852.html,Social Worker- Salinas/Hollister
http://sfbay.craigslist.org/eby/npo/3351211523.html,Part Time Facilities/Janitorial Position
http://sfbay.craigslist.org/eby/npo/3351198214.html,Personal Service Coordinator
http://sfbay.craigslist.org/sfc/npo/3351196944.html,Seeking an Overnight Residential Counselor
http://sfbay.craigslist.org/sfc/npo/3351188896.html,Seeking Relief Residential Counselors
http://sfbay.craigslist.org/eby/npo/3351187219.html,Housing Specialist 
http://sfbay.craigslist.org/sfc/npo/3351136707.html,ILSP Employment and Education Specialist-San Francisco County 
http://sfbay.craigslist.org/sfc/npo/3351134185.html,CAMPAIGN JOBS! *** FIGHT FOR WOMEN'S RIGHTS!
http://sfbay.craigslist.org/eby/npo/3351121737.html,Care Coordinator
http://sfbay.craigslist.org/eby/npo/3351106470.html,Information Technology Director
http://sfbay.craigslist.org/sby/npo/3351103875.html,BI-LINGUAL SPANISH MENTAL HEALTH THERAPIST
http://sfbay.craigslist.org/eby/npo/3351099451.html,Clinician - Therapeutic Behavior Services
http://sfbay.craigslist.org/eby/npo/3351097949.html,Team Leader - Project Permanence Program
http://sfbay.craigslist.org/sby/npo/3351096073.html,Urban Agriculture Specialist 
http://sfbay.craigslist.org/eby/npo/3351091956.html,Bilingual Clinician - HOPE Alameda
http://sfbay.craigslist.org/eby/npo/3351089105.html,Counselor/Case Manager
http://sfbay.craigslist.org/nby/npo/3351087044.html, Community Case Managers
http://sfbay.craigslist.org/eby/npo/3351086879.html,Family Advocate - Project Permanence
http://sfbay.craigslist.org/nby/npo/3351084431.html,Administrative Assistant 
http://sfbay.craigslist.org/eby/npo/3351079052.html,***-CAMPAIGN JOBS-*** PROTECT THE ENVIRONMENT IN 2012!
http://sfbay.craigslist.org/sfc/npo/3351074402.html,Communications Manager
http://sfbay.craigslist.org/nby/npo/3351059114.html,Supported Living Counseleor
http://sfbay.craigslist.org/sfc/npo/3351043610.html,Seeking Executive Director for The Independent School Alliance
http://sfbay.craigslist.org/sfc/npo/3351015245.html,Property Manager 
http://sfbay.craigslist.org/sby/npo/3350984770.html,Habitat seeking ReStore Driver
http://sfbay.craigslist.org/sby/npo/3350983539.html,Continuous Quality Improvement Specialist
http://sfbay.craigslist.org/sby/npo/3350980402.html,Grants Management Specialist
http://sfbay.craigslist.org/sfc/npo/3350975487.html,Support Services Manager - Canon Barcus Comm House
http://sfbay.craigslist.org/sby/npo/3350972593.html,Billing and Admissions Manager
http://sfbay.craigslist.org/eby/npo/3350918582.html,Community Education Coordinator - Youth Education Support Services
http://sfbay.craigslist.org/eby/npo/3350897900.html,Staff Accountant - Grants
http://sfbay.craigslist.org/eby/npo/3350885890.html,Staff Clinician
http://sfbay.craigslist.org/sfc/npo/3350877092.html,Healthcare Union Organizer Representative
http://sfbay.craigslist.org/nby/npo/3350808341.html,TC-TAT National Program Manager
http://sfbay.craigslist.org/nby/npo/3350805250.html,"Project Associate -- Transforming Communities: Technical Assistance, Tr"
http://sfbay.craigslist.org/nby/npo/3350797695.html,COUNSELOR...A New Direction Makes A Difference
http://sfbay.craigslist.org/eby/npo/3350701978.html,Driver Needed
http://sfbay.craigslist.org/sfc/npo/3350664981.html,Data Entry Assistant - Seasonal Position
http://sfbay.craigslist.org/sfc/npo/3350652262.html,Help the Efforts of AMNESTY INTERNATIONAL! $11-$17/hour
http://sfbay.craigslist.org/pen/npo/3350607218.html,Active Treatment Specialist
http://sfbay.craigslist.org/eby/npo/3350586860.html,Mental Health Clinician - Spanish Speaking
http://sfbay.craigslist.org/pen/npo/3350586100.html,Administrative Coordinator & Trainer (ACT)
http://sfbay.craigslist.org/eby/npo/3350565458.html,***-CAMPAIGN JOBS-*** PROTECT THE ENVIRONMENT IN 2012!
http://sfbay.craigslist.org/eby/npo/3350557710.html,Direct Support Professional
http://sfbay.craigslist.org/scz/npo/3350555747.html,CAMPAIGN JOBS :: Fight for the Environment! - - 
http://sfbay.craigslist.org/pen/npo/3350540694.html,DIRECT SUPPORT PROFESSIONAL
http://sfbay.craigslist.org/sfc/npo/3350536468.html,CAMPAIGN JOBS! *** FIGHT FOR WOMEN'S RIGHTS!
http://sfbay.craigslist.org/pen/npo/3350526985.html,DIRECT SUPPORT PROFESSIONAL
http://sfbay.craigslist.org/sby/npo/3350461588.html,Legal Education Site Specialist
http://sfbay.craigslist.org/sby/npo/3350456401.html,Legal Education Program Manager
http://sfbay.craigslist.org/eby/npo/3350305639.html,Child and Family Therapist (Bi-lingual -  Spanish)
http://sfbay.craigslist.org/sfc/npo/3350238322.html,Bilingual Behavior Health Consultant (Spanish Speaking)
http://sfbay.craigslist.org/eby/npo/3350187381.html,*FT Work for Greenpeace to STOP GLOBAL WARMING - $12-$13/hr*
http://sfbay.craigslist.org/sby/npo/3350175795.html,*FT Work for Greenpeace to STOP GLOBAL WARMING - $12-$13/hr*
http://sfbay.craigslist.org/sfc/npo/3350094431.html,Internship opportunities in Kiva's San Francisco Office
http://sfbay.craigslist.org/scz/npo/3350069391.html,FIELD MANAGER JOBS ON CLEAN ENERGY CAMPAIGN AVAILABLE! $10-15/HR!
http://sfbay.craigslist.org/sfc/npo/3350058723.html,FULL AND PART-TIME JOBS WITH Environment California! EARN $11-16/HR!
http://sfbay.craigslist.org/sfc/npo/3350058522.html,Full Time Office Manager 
http://sfbay.craigslist.org/eby/npo/3350051276.html,CAMPAIGN JOBS TO MAKE CALIFORNIA A LEADER IN SOLAR POWER! $10-15/HR! 
http://sfbay.craigslist.org/sby/npo/3350021642.html,"Director of Development, German International School"
,
